{"cameraMode":{"drawMode":0,"name":"Shaded","section":"Shading Mode"},"sceneLighting":true,"audioPlay":false,"sceneViewState":{"showFog":true,"showMaterialUpdate":false,"showSkybox":true,"showFlares":true,"showImageEffects":true,"showParticleSystems":true},"in2DMode":false,"pivot":{"x":30.91501808166504,"y":15.735958099365235,"z":36.47513198852539},"rotation":{"x":-0.08920665085315705,"y":0.9102845191955566,"z":-0.30146580934524538,"w":-0.2693614661693573},"size":5.654037952423096,"orthographic":false}