{"cameraMode":{"drawMode":0,"name":"Shaded","section":"Shading Mode"},"sceneLighting":false,"audioPlay":false,"sceneViewState":{"showFog":true,"showMaterialUpdate":false,"showSkybox":false,"showFlares":true,"showImageEffects":true,"showParticleSystems":true},"in2DMode":false,"pivot":{"x":1.7881393432617188e-7,"y":1.2173445224761963,"z":-0.0738823413848877},"rotation":{"x":-0.24176251888275147,"y":0.6850800514221191,"z":-0.26046222448349,"w":-0.635918915271759},"size":6.3215651512146,"orthographic":false}